aoi,condition,n,resp_ratio_pct,n_ttff,ttff_mean_s,ttff_sd_s,dwell_mean_pct,dwell_sd_pct,dwell_mean_s,fix_mean,fix_sd
Competitor_A,NoPOSM,15,100,15,1.97,0.52,17.38,5.74,25.57,91.53,37.45
Competitor_A,POSM,14,100,14,2.86,0.8,14.81,3.76,21.07,75.86,24.35
Competitor_B,NoPOSM,15,93.3,14,3.94,1.43,15.88,8.37,23.76,83.4,53.81
Competitor_B,POSM,14,92.9,13,5.24,1.21,10.57,4.2,14.92,55.64,30.54
Price_Tags,NoPOSM,15,66.7,10,8.76,3.18,5.21,4.24,7.65,30.2,24.88
Price_Tags,POSM,14,100,14,8.82,2.51,8.37,3.17,11.45,41.5,18.88
Sensodyne_POSM_Wing,POSM,14,100,14,1.92,0.7,6.26,3.01,8.56,31.5,18.65
Sensodyne_Products,NoPOSM,15,100,15,3.59,0.98,10.76,4.42,16,57.13,21.04
Sensodyne_Products,POSM,14,100,14,2.25,0.86,18.43,5.98,25.19,88.43,29
Shelf_Other,NoPOSM,15,93.3,14,1.32,0.66,13.16,7.48,19.26,73.2,36.17
Shelf_Other,POSM,14,92.9,13,1.32,0.49,15.25,7.42,23.21,89,60.85
